codigo,descricao,consumo_cnae
3514000,Distribui�ão de energia elétrica,8467615304.27
2441501,Produ�ão de alumínio e suas ligas em formas primárias,302211401.98
2412100,Produ�ão de ferroligas,220207643.09
3600601,"Capta�ão, tratamento e distribui�ão de água",185561367.45
2423702,"Produ�ão de laminados longos de aço, exceto tubos",172967615.12
2320600,Fabrica�ão de cimento,160139301.29
4711302,"Comércio varejista de mercadorias em geral, com predominância de produtos alimentícios - supermercados",155371993.38
0710301,Extra�ão de minério de ferro,154739371.09
2422901,"Produ�ão de laminados planos de aço ao carbono, revestidos ou não",138851548.52
1721400,Fabrica�ão de papel,135689021.48
8112500,Condomínios prediais,103381733.51
1012101,Abate de aves,102503930.04
2222600,Fabrica�ão de embalagens de material plástico,100639289.26
2014200,Fabrica�ão de gases industriais,96826971.34
1710900,Fabrica�ão de celulose e outras pastas para a fabrica�ão de papel,89324051.66
4711301,"Comércio varejista de mercadorias em geral, com predominância de produtos alimentícios - hipermercados",87048003.67
3513100,Comércio atacadista de energia elétrica,75994542.16
1921700,Fabrica�ão de produtos do refino de petróleo,60414179.09
1621800,"Fabrica�ão de madeira laminada e de chapas de madeira compensada, prensada e aglomerada",60106257.63
0729404,"Extra�ão de minérios de cobre, chumbo, zinco e outros minerais metálicos não-ferrosos não especificados anteriormente",59597737.95
0724301,Extra�ão de minério de metais preciosos,59328418.91
2031200,Fabrica�ão de resinas termoplásticas,57101013.53
2011800,Fabrica�ão de cloro e álcalis,56892361.83
2949299,Fabrica�ão de outras peças e acessórios para veículos automotores não especificadas anteriormente,56066712.57
2029100,Fabrica�ão de produtos químicos orgânicos não especificados anteriormente,55311050.51
2021500,Fabrica�ão de produtos petroquímicos básicos,54058749.22
2451200,Fundi�ão de ferro e aço,52402478.26
1011201,Frigorífico - abate de bovinos,51576031.32
1012103,Frigorífico - abate de suínos,51277664.78
2342701,Fabrica�ão de azulejos e pisos,49938703.96
2421100,Produ�ão de semi-acabados de aço,47447073.79
1052000,Fabrica�ão de laticínios,45262191.78
1041400,"Fabrica�ão de óleos vegetais em bruto, exceto óleo de milho",45077046.9
8610101,"Atividades de atendimento hospitalar, exceto pronto-socorro e unidades para atendimento a urgências",42198672.53
1113502,Fabrica�ão de cervejas e chopes,39785515.04
0710302,"Pelotiza�ão, sinteriza�ão e outros beneficiamentos de minério de ferro",39076248.97
1066000,Fabrica�ão de alimentos para animais,38290918.45
2910701,"Fabrica�ão de automóveis, camionetas e utilitários",38018584.26
2099199,Fabrica�ão de outros produtos químicos não especificados anteriormente,37145500.58
1311100,Prepara�ão e fia�ão de fibras de algodão,33943637.63
2211100,Fabrica�ão de pneumáticos e de câmaras-de-ar,31700368.81
2121101,Fabrica�ão de medicamentos alopáticos para uso humano,30920619.16
5231102,Atividades do Operador Portuário,29949034.12
2019399,Fabrica�ão de outros produtos químicos inorgânicos não especificados anteriormente,29281286.57
2399199,Fabrica�ão de outros produtos de minerais não-metálicos não especificados anteriormente,29012501.74
2449199,Metalurgia de outros metais não-ferrosos e suas ligas não especificados anteriormente,27296048.82
1321900,Tecelagem de fios de algodão,27018837.37
2449101,Produ�ão de zinco em formas primárias,26927217.11
6110801,Serviços de telefonia fixa comutada - STFC,26820283.67
2229302,Fabrica�ão de artefatos de material plástico para usos industriais,26327904.16
2941700,Fabrica�ão de peças e acessórios para o sistema motor de veículos automotores,26111614.48
0891600,"Extra�ão de minerais para fabrica�ão de adubos, fertilizantes e outros produtos químicos",26051856.77
1062700,Moagem de trigo e fabrica�ão de derivados,24845894.81
1733800,Fabrica�ão de chapas e de embalagens de papelão ondulado,24213161.95
2591800,Fabrica�ão de embalagens metálicas,23012402.45
4912403,Transporte metroviário,22771357.99
2311700,Fabrica�ão de vidro plano e de segurança,21762291.42
2229399,Fabrica�ão de artefatos de material plástico para outros usos não especificados anteriormente,21192787.02
2312500,Fabrica�ão de embalagens de vidro,20951497.34
5510801,Hotéis,20109185.8
7733100,Aluguel de máquinas e equipamentos para escritórios,20108294.31
1065101,Fabrica�ão de amidos e féculas de vegetais,19425891.46
0600001,Extra�ão de petróleo e gás natural,18211818.01
4912402,Transporte ferroviário de passageiros municipal e em região metropolitana,18113783.61
1742799,Fabrica�ão de produtos de papel para uso doméstico e higiênico-sanitário não especificados anteriormente,17839111.25
1033301,"Fabrica�ão de sucos concentrados de frutas, hortaliças e legumes",17562541.26
1099699,Fabrica�ão de outros produtos alimentícios não especificados anteriormente,17449417.59
3101200,Fabrica�ão de móveis com predominância de madeira,17347700.57
2422902,Produ�ão de laminados planos de aços especiais,17010518.19
0729403,Extra�ão de minério de níquel,16577675.42
1122401,Fabrica�ão de refrigerantes,16204048.9
6311900,"Tratamento de dados, provedores de serviços de aplica�ão e serviços de hospedagem na internet",16009610.29
2229301,Fabrica�ão de artefatos de material plástico para uso pessoal e doméstico,15889282.72
2423701,Produ�ão de tubos de aço sem costura,15496961.03
0810099,Extra�ão e britamento de pedras e outros materiais para constru�ão e beneficiamento associado,15358083.99
2441502,Produ�ão de laminados de alumínio,14728857.46
5240101,Opera�ão dos aeroportos e campos de aterrissagem,14688493.79
2221800,Fabrica�ão de laminados planos e tubulares de material plástico,14667654.43
2733300,"Fabrica�ão de fios, cabos e condutores elétricos isolados",14556135.52
2943300,Fabrica�ão de peças e acessórios para o sistema de freios de veículos automotores,14244682.29
1013901,Fabrica�ão de produtos de carne,14067824.7
1091101,Fabrica�ão de produtos de panifica�ão industrial,13712386.67
4691500,"Comércio atacadista de mercadorias em geral, com predominância de produtos alimentícios",13326628.31
5211701,Armazéns gerais - emissão de warrant,13322334.7
2219600,Fabrica�ão de artefatos de borracha não especificados anteriormente,13230572.18
2063100,"Fabrica�ão de cosméticos, produtos de perfumaria e de higiene pessoal",13107913.08
1061901,Beneficiamento de arroz,12716249.31
1359600,Fabrica�ão de outros produtos têxteis não especificados anteriormente,12675910.01
0724302,Beneficiamento de minério de metais preciosos,12621031.97
0810004,Extra�ão de calcário e dolomita e beneficiamento associado,12414195.61
2599399,Fabrica�ão de outros produtos de metal não especificados anteriormente,12263967.25
2013402,"Fabrica�ão de adubos e fertilizantes, exceto organo-minerais",12148461.15
2012600,Fabrica�ão de intermediários para fertilizantes,12111176.39
6810202,Aluguel de imóveis próprios,11922925.73
2392300,Fabrica�ão de cal e gesso,11873517.07
1093701,Fabrica�ão de produtos derivados do cacau e de chocolates,11757550.95
1313800,Fia�ão de fibras artificiais e sintéticas,11387340.54
6422100,"Bancos múltiplos, com carteira comercial",11383063.4
2223400,Fabrica�ão de tubos e acessórios de material plástico para uso na constru�ão,11332400.96
2319200,Fabrica�ão de artigos de vidro,11288162.2
6822600,Gestão e administra�ão da propriedade imobiliária,11185104.59
2342702,"Fabrica�ão de artefatos de cerâmica e barro cozido para uso na constru�ão, exceto azulejos e pisos",10982553.21
6120501,Telefonia móvel celular,10708637.42
4639701,Comércio atacadista de produtos alimentícios em geral,10664029.44
3832700,Recupera�ão de materiais plásticos,10640138.75
2920401,Fabrica�ão de caminhões e ônibus,10583525.61
8411600,Administra�ão pública em geral,10392602.13
2040100,Fabrica�ão de fibras artificiais e sintéticas,10221542.37
2443100,Metalurgia do cobre,10023054.14
4623199,Comércio atacadista de matérias-primas agrícolas não especificadas anteriormente,9995207.72
4781400,Comércio varejista de artigos do vestuário e acessórios,9979825.09
2411300,Produ�ão de ferro-gusa,9835004.94
1094500,Fabrica�ão de massas alimentícias,9811217.35
2751100,"Fabrica�ão de fogões, refrigeradores e máquinas de lavar e secar para uso doméstico, peças e acessórios",9659911.94
8532500,Educa�ão superior - gradua�ão e pós-gradua�ão,9480118.26
3511501,Gera�ão de energia elétrica,9448169.85
1042200,"Fabrica�ão de óleos vegetais refinados, exceto óleo de milho",9351596.65
1092900,Fabrica�ão de biscoitos e bolachas,9155355.55
1354500,"Fabrica�ão de tecidos especiais, inclusive artefatos",9141460.88
0721901,Extra�ão de minério de alumínio,8991741.54
2833000,"Fabrica�ão de máquinas e equipamentos para a agricultura e pecuária, peças e acessórios, exceto para irriga�ão",8948389.87
4689301,"Comércio atacadista de produtos da extra�ão mineral, exceto combustíveis",8744384.57
4681801,"Comércio atacadista de álcool carburante, biodiesel, gasolina e demais derivados de petróleo, exceto lubrificantes, não realizado por transportador re",8711856.37
1510600,Curtimento e outras prepara�ões de couro,8651513.42
2061400,Fabrica�ão de sabões e detergentes sintéticos,8581057.01
2942500,Fabrica�ão de peças e acessórios para os sistemas de marcha e transmissão de veículos automotores,8131987.24
1330800,Fabrica�ão de tecidos de malha,8025287.6
2710403,"Fabrica�ão de motores elétricos, peças e acessórios",7973986.57
0155502,Produ�ão de pintos de um dia,7887094.92
2814301,"Fabrica�ão de compressores para uso industrial, peças e acessórios",7797756.42
3701100,Gestão de redes de esgoto,7761382.74
1610203,Serrarias com desdobramento de madeira em bruto,7568535.65
2093200,Fabrica�ão de aditivos de uso industrial,7538286.68
8610102,Atividades de atendimento em pronto-socorro e unidades hospitalares para atendimento a urgências,7497244.11
1742701,Fabrica�ão de fraldas descartáveis,7363893.69
2722801,Fabrica�ão de baterias e acumuladores para veículos automotores,7334665.04
1340502,"Alvejamento, tingimento e tor�ão em fios, tecidos, artefatos têxteis e peças do vestuário",7079582.78
1323500,Tecelagem de fios de fibras artificiais e sintéticas,7060056.67
2051700,Fabrica�ão de defensivos agrícolas,6963214.57
2592601,Fabrica�ão de produtos de trefilados de metal padronizados,6922401.92
4940000,Transporte dutoviário,6911162.2
1071600,Fabrica�ão de a�úcar em bruto,6910963.19
1731100,Fabrica�ão de embalagens de papel,6756008.63
4713004,"Lojas de departamentos ou magazines, exceto lojas francas (Duty free)",6468455.93
6110803,Serviços de comunica�ão multimídia - SCM,6395721.25
3091101,Fabrica�ão de motocicletas,6327376.31
1031700,Fabrica�ão de conservas de frutas,6295777.1
1932200,"Fabrica�ão de biocombustíveis, exceto álcool",6268993.34
2424501,Produ�ão de arames de aço,6259460.08
7739099,"Aluguel de outras máquinas e equipamentos comerciais e industriais não especificados anteriormente, sem operador",6195584.39
1340501,"Estamparia e texturiza�ão em fios, tecidos, artefatos têxteis e peças do vestuário",6053150.12
2610800,Fabrica�ão de componentes eletrônicos,5967193.39
1099602,Fabrica�ão de pós alimentícios,5946562.64
1749400,"Fabrica�ão de produtos de pastas celulósicas, papel, cartolina, papel-cartão e papelão ondulado não especificados anteriormente",5858637.96
1412601,"Confec�ão de peças de vestuário, exceto roupas íntimas e as confeccionadas sob medida",5839487.26
2452100,Fundi�ão de metais não-ferrosos e suas ligas,5815648.77
2391503,"Aparelhamento de placas e execu�ão de trabalhos em mármore, granito, ardósia e outras pedras",5666088.62
1121600,Fabrica�ão de águas envasadas,5638062.99
0899199,Extra�ão de outros minerais não-metálicos não especificados anteriormente,5485273.14
2944100,Fabrica�ão de peças e acessórios para o sistema de dire�ão e suspensão de veículos automotores,5485224.2
2071100,"Fabrica�ão de tintas, vernizes, esmaltes e lacas",5385383.17
2062200,Fabrica�ão de produtos de limpeza e polimento,5305102.79
1741902,"Fabrica�ão de produtos de papel, cartolina, papel cartão e papelão ondulado para uso comercial e de escritório, exceto formulário contínuo",5282366.55
1051100,Prepara�ão do leite,5261413.06
4744099,Comércio varejista de materiais de constru�ão em geral,5173104.54
1531901,Fabrica�ão de calçados de couro,5134904.33
4632001,Comércio atacadista de cereais e leguminosas beneficiados,5115145.04
1351100,Fabrica�ão de artefatos têxteis para uso doméstico,5098368.68
6021700,Atividades de televisão aberta,4951895.35
2930101,"Fabrica�ão de cabines, carrocerias e reboques para caminhões",4924282.8
0155501,Cria�ão de frangos para corte,4871091.78
8211300,Serviços combinados de escritório e apoio administrativo,4808760.02
1539400,Fabrica�ão de calçados de materiais não especificados anteriormente,4722294.14
2431800,Produ�ão de tubos de aço com costura,4682075.6
2033900,Fabrica�ão de elastômeros,4673158.68
1722200,Fabrica�ão de cartolina e papel-cartão,4659796.17
8531700,Educa�ão superior - gradua�ão,4659203.92
4693100,"Comércio atacadista de mercadorias em geral, sem predominância de alimentos ou de insumos agropecuários",4601174.51
2330303,Fabrica�ão de artefatos de fibrocimento para uso na constru�ão,4593650.78
1082100,Fabrica�ão de produtos à base de café,4493106.87
1069400,Moagem e fabrica�ão de produtos de origem vegetal não especificados anteriormente,4478984.04
1013902,Prepara�ão de subprodutos do abate,4478494.8
1064300,"Fabrica�ão de farinha de milho e derivados, exceto óleos de milho",4371642.31
1533500,Fabrica�ão de calçados de material sintético,4361492.15
2541100,Fabrica�ão de artigos de cutelaria,4331711.04
9499500,Atividades associativas não especificadas anteriormente,4330752.53
4731800,Comércio varejista de combustíveis para veículos automotores,4307357.39
8220200,Atividades de teleatendimento,4188124.66
9312300,"Clubes sociais, esportivos e similares",4115211.88
5211799,"Depósitos de mercadorias para terceiros, exceto armazéns gerais e guarda-móveis",4110943.58
4930202,"Transporte rodoviário de carga, exceto produtos perigosos e mudanças, intermunicipal, interestadual e internacional",4077009.48
2229303,"Fabrica�ão de artefatos de material plástico para uso na constru�ão, exceto tubos e acessórios",4021015.94
2543800,Fabrica�ão de ferramentas,3955794.05
1053800,Fabrica�ão de sorvetes e outros gelados comestíveis,3927529.23
1093702,"Fabrica�ão de frutas cristalizadas, balas e semelhantes",3875045.76
0910600,Atividades de apoio à extra�ão de petróleo e gás natural,3787503.05
7210000,Pesquisa e desenvolvimento experimental em ciências físicas e naturais,3781307.69
0115600,Cultivo de soja,3764808.29
0141501,"Produ�ão de sementes certificadas, exceto de forrageiras para pasto",3695082.21
4622200,Comércio atacadista de soja,3688534.28
2022300,"Fabrica�ão de intermediários para plastificantes, resinas e fibras",3617776.93
2640000,"Fabrica�ão de aparelhos de recep�ão, reprodu�ão, grava�ão e amplifica�ão de áudio e vídeo",3615780.92
2349401,Fabrica�ão de material sanitário de cerâmica,3545407.46
2829199,"Fabrica�ão de outras máquinas e equipamentos de uso geral não especificados anteriormente, peças e acessórios",3515342.1
2813500,"Fabrica�ão de válvulas, registros e dispositivos semelhantes, peças e acessórios",3495950.84
2945000,"Fabrica�ão de material elétrico e eletrônico para veículos automotores, exceto baterias",3480412.6
2910703,"Fabrica�ão de motores para automóveis, camionetas e utilitários",3434357.33
8299799,Outras atividades de serviços prestados principalmente às empresas não especificadas anteriormente,3410269.27
1020102,"Fabrica�ão de conservas de peixes, crustáceos e moluscos",3365572.53
4120400,Constru�ão de edifícios,3346358.42
2539001,"Serviços de usinagem, tornearia e solda",3332856.33
2539002,Serviços de tratamento e revestimento em metais,3258172.95
2710402,"Fabrica�ão de transformadores, indutores, conversores, sincronizadores e semelhantes, peças e acessórios",3197583.79
2424502,"Produ�ão de relaminados, trefilados e perfilados de aço, exceto arames",3173849.71
6810201,Compra e venda de imóveis próprios,3170210.15
3520401,Produ�ão de gás; processamento de gás natural,3097765.25
2759799,"Fabrica�ão de outros aparelhos eletrodomésticos não especificados anteriormente, peças e acessórios",3094195.04
4634601,Comércio atacadista de carnes bovinas e suínas e derivados,3057168.94
2341900,Fabrica�ão de produtos cerâmicos refratários,3049102.62
3041500,Fabrica�ão de aeronaves,3013879.24
2330399,"Fabrica�ão de outros artefatos e produtos de concreto, cimento, fibrocimento, gesso e materiais semelhantes",2971469.61
0810006,"Extra�ão de areia, cascalho ou pedregulho e beneficiamento associado",2969587.03
3250705,Fabrica�ão de materiais para medicina e odontologia,2961615.8
1043100,Fabrica�ão de margarina e outras gorduras vegetais e de óleos não-comestíveis de animais,2934597.95
8599699,Outras atividades de ensino não especificadas anteriormente,2910885.28
2122000,Fabrica�ão de medicamentos para uso veterinário,2874630.26
5250804,Organiza�ão logística do transporte de carga,2864450.07
1622602,Fabrica�ão de esquadrias de madeira e de peças de madeira para instala�ões industriais e comerciais,2852172.39
1811302,"Impressão de livros, revistas e outras publica�ões periódicas",2823906.57
3839499,Recupera�ão de materiais não especificados anteriormente,2780904.89
5914600,Atividades de exibi�ão cinematográfica,2692351.8
6550200,Planos de saúde,2686285.54
4911600,Transporte ferroviário de carga,2685104.3
0155505,Produ�ão de ovos,2680770.54
2853400,"Fabrica�ão de tratores, peças e acessórios, exceto agrícolas",2671742.32
2840200,"Fabrica�ão de máquinas-ferramenta, peças e acessórios",2619960.98
1081302,Torrefa�ão e moagem de café,2616906.58
3011301,Constru�ão de embarca�ões de grande porte,2613706.86
2815102,"Fabrica�ão de equipamentos de transmissão para fins industriais, exceto rolamentos",2595234.29
1421500,Fabrica�ão de meias,2531062.15
6821802,Corretagem no aluguel de imóveis,2499705.01
6462000,Holdings de institui�ões não-financeiras,2494925.43
8640202,Laboratórios clínicos,2493514.92
1931400,Fabrica�ão de álcool,2490007.69
9491000,Atividades de organiza�ões religiosas ou filosóficas,2403085.29
4753900,Comércio varejista especializado de eletrodomésticos e equipamentos de áudio e vídeo,2376577.35
2110600,Fabrica�ão de produtos farmoquímicos,2331836.27
2442300,Metalurgia dos metais preciosos,2322592.87
3250701,"Fabrica�ão de instrumentos não-eletrônicos e utensílios para uso médico, cirúrgico, odontológico e de laboratório",2317927.25
2531401,Produ�ão de forjados de aço,2315086.56
0729405,"Beneficiamento de minérios de cobre, chumbo, zinco e outros minerais metálicos não-ferrosos não especificados anteriormente",2309767.39
9430800,Atividades de associa�ões de defesa de direitos sociais,2299492.04
2593400,Fabrica�ão de artigos de metal para uso doméstico e pessoal,2290882.7
1629301,"Fabrica�ão de artefatos diversos de madeira, exceto móveis",2283044.82
2814302,"Fabrica�ão de compressores para uso não industrial, peças e acessórios",2280132.82
0810010,Beneficiamento de gesso e caulim associado à extra�ão,2212592.56
5611203,"Lanchonetes, casas de chá, de sucos e similares",2201974.57
0600002,Extra�ão e beneficiamento de xisto,2147737.34
1122403,"Fabrica�ão de refrescos, xaropes e pós para refrescos, exceto refrescos de frutas",2128163.0
1033302,"Fabrica�ão de sucos de frutas, hortaliças e legumes, exceto concentrados",2088325.01
4110700,Incorpora�ão de empreendimentos imobiliários,2087997.95
1210700,Processamento industrial do fumo,2079524.24
2790299,Fabrica�ão de outros equipamentos e aparelhos elétricos não especificados anteriormente,2062149.8
4712100,"Comércio varejista de mercadorias em geral, com predominância de produtos alimentícios - minimercados, mercearias e armazéns",2051318.32
1020101,"Preserva�ão de peixes, crustáceos e moluscos",1987442.97
2511000,Fabrica�ão de estruturas metálicas,1985288.16
1220401,Fabrica�ão de cigarros,1912690.12
1099604,Fabrica�ão de gelo comum,1907140.0
0500301,Extra�ão de carvão mineral,1883609.51
5611201,Restaurantes e similares,1880129.71
4729699,Comércio varejista de produtos alimentícios em geral ou especializado em produtos alimentícios não especificados anteriormente,1873724.97
1732000,Fabrica�ão de embalagens de cartolina e papel-cartão,1856125.7
2869100,"Fabrica�ão de máquinas e equipamentos para uso industrial específico não especificados anteriormente, peças e acessórios",1841894.48
4789099,Comércio varejista de outros produtos não especificados anteriormente,1799285.97
1113501,"Fabrica�ão de malte, inclusive malte uísque",1787475.72
2439300,Produ�ão de outros tubos de ferro e aço,1783124.34
0163600,Atividades de pós-colheita,1778682.66
1032599,"Fabrica�ão de conservas de legumes e outros vegetais, exceto palmito",1724863.26
2532201,Produ�ão de artefatos estampados de metal,1716493.64
0210103,Cultivo de pinus,1683744.39
3102100,Fabrica�ão de móveis com predominância de metal,1670197.11
2091600,Fabrica�ão de adesivos e selantes,1640820.48
2632900,"Fabrica�ão de aparelhos telefônicos e de outros equipamentos de comunica�ão, peças e acessórios",1637590.95
0154700,Cria�ão de suínos,1596105.37
1095300,"Fabrica�ão de especiarias, molhos, temperos e condimentos",1593721.26
1813099,Impressão de material para outros usos,1591534.85
2731700,Fabrica�ão de aparelhos e equipamentos para distribui�ão e controle de energia elétrica,1587216.09
2812700,"Fabrica�ão de equipamentos hidráulicos e pneumáticos, peças e acessórios, exceto válvulas",1576245.09
0131800,Cultivo de laranja,1560581.02
9411100,Atividades de organiza�ões associativas patronais e empresariais,1548938.52
9321200,Parques de diversão e parques temáticos,1509725.45
0990403,Atividades de apoio à extra�ão de minerais não-metálicos,1504356.18
2542000,"Fabrica�ão de artigos de serralheria, exceto esquadrias",1496474.45
4689399,Comércio atacadista especializado em outros produtos intermediários não especificados anteriormente,1489042.26
8640299,Atividades de serviços de complementa�ão diagnóstica e terapêutica não especificadas anteriormente,1483264.93
2851800,"Fabrica�ão de máquinas e equipamentos para a prospec�ão e extra�ão de petróleo, peças e acessórios",1470069.07
9313100,Atividades de condicionamento físico,1469321.68
2592602,"Fabrica�ão de produtos de trefilados de metal, exceto padronizados",1437666.81
3250707,Fabrica�ão de artigos ópticos,1435934.1
1063500,Fabrica�ão de farinha de mandioca e derivados,1428543.48
2732500,Fabrica�ão de material elétrico para instala�ões em circuito de consumo,1423303.17
6190699,Outras atividades de telecomunica�ões não especificadas anteriormente,1396092.78
0133407,Cultivo de ma�ã,1394163.13
1112700,Fabrica�ão de vinho,1388639.4
0899103,Extra�ão de amianto,1380612.16
1099603,Fabrica�ão de fermentos e leveduras,1369848.64
2349499,Fabrica�ão de produtos cerâmicos não-refratários não especificados anteriormente,1357816.18
3291400,"Fabrica�ão de escovas, pincéis e vassouras",1352907.29
4682600,Comércio atacadista de gás liqüefeito de petróleo (GLP),1347108.45
4644301,Comércio atacadista de medicamentos e drogas de uso humano,1343942.92
4751201,Comércio varejista especializado de equipamentos e suprimentos de informática,1333096.12
4724500,Comércio varejista de hortifrutigranjeiros,1329768.07
0810009,Extra�ão de basalto e beneficiamento associado,1326035.52
2823200,"Fabrica�ão de máquinas e aparelhos de refrigera�ão e ventila�ão para uso industrial e comercial, peças e acessórios",1325314.44
9601703,Toalheiros,1319652.88
3091102,Fabrica�ão de peças e acessórios para motocicletas,1319407.26
2052500,Fabrica�ão de desinfestantes domissanitários,1312355.72
2094100,Fabrica�ão de catalisadores,1271670.72
0112101,Cultivo de algodão herbáceo,1268888.78
2831300,"Fabrica�ão de tratores agrícolas, peças e acessórios",1263538.62
1540800,"Fabrica�ão de partes para calçados, de qualquer material",1249412.96
2854200,"Fabrica�ão de máquinas e equipamentos para terraplenagem, pavimenta�ão e constru�ão, peças e acessórios, exceto tratores",1238105.94
0230600,Atividades de apoio à produ�ão florestal,1230482.24
2862300,"Fabrica�ão de máquinas e equipamentos para as indústrias de alimentos, bebidas e fumo, peças e acessórios",1229034.34
2710401,"Fabrica�ão de geradores de corrente contínua e alternada, peças e acessórios",1224393.34
8513900,Ensino fundamental,1222238.75
4633801,"Comércio atacadista de frutas, verduras, raízes, tubérculos, hortaliças e legumes frescos",1172937.54
0899101,Extra�ão de grafita,1166218.35
2032100,Fabrica�ão de resinas termofixas,1159405.42
4789004,Comércio varejista de animais vivos e de artigos e alimentos para animais de estima�ão,1148628.56
2622100,Fabrica�ão de periféricos para equipamentos de informática,1140907.8
6463800,"Outras sociedades de participa�ão, exceto holdings",1131722.46
2550102,"Fabrica�ão de armas de fogo, outras armas e muni�ões",1115209.61
3299099,Fabrica�ão de produtos diversos não especificados anteriormente,1103084.02
1411801,Confec�ão de roupas íntimas,1089388.08
1096100,Fabrica�ão de alimentos e pratos prontos,1076487.11
4671100,Comércio atacadista de madeira e produtos derivados,1067284.93
6470103,Fundos de investimento imobiliários,1066347.75
6120502,Serviço móvel especializado - SME,1060327.99
2532202,Metalurgia do pó,1056039.02
1340599,"Outros serviços de acabamento em fios, tecidos, artefatos têxteis e peças do vestuário",1052104.03
1623400,Fabrica�ão de artefatos de tanoaria e de embalagens de madeira,1046755.6
7120100,Testes e análises técnicas,1038103.23
0810002,Extra�ão de granito e beneficiamento associado,1029712.55
2512800,Fabrica�ão de esquadrias de metal,1027580.44
5223100,Estacionamento de veículos,1024648.91
8520100,Ensino médio,1015751.09
3316301,"Manuten�ão e repara�ão de aeronaves, exceto a manuten�ão na pista",1013878.89
4646001,Comércio atacadista de cosméticos e produtos de perfumaria,1002069.5
8219999,Prepara�ão de documentos e serviços especializados de apoio administrativo não especificados anteriormente,999657.58
2852600,"Fabrica�ão de outras máquinas e equipamentos para uso na extra�ão mineral, peças e acessórios, exceto na extra�ão de petróleo",984869.51
5212500,Carga e descarga,973836.38
3240099,Fabrica�ão de outros brinquedos e jogos recreativos não especificados anteriormente,965303.16
4763602,Comércio varejista de artigos esportivos,963189.51
2930102,Fabrica�ão de carrocerias para ônibus,961342.65
2920402,Fabrica�ão de motores para caminhões e ônibus,954569.3
0161099,Atividades de apoio à agricultura não especificadas anteriormente,947190.77
7112000,Serviços de engenharia,926840.87
1352900,Fabrica�ão de artefatos de tapeçaria,925478.57
4692300,"Comércio atacadista de mercadorias em geral, com predominância de insumos agropecuários",924948.14
1922599,"Fabrica�ão de outros produtos derivados do petróleo, exceto produtos do refino",917945.39
5221400,"Concessionárias de rodovias, pontes, túneis e serviços relacionados",914293.11
2824102,Fabrica�ão de aparelhos e equipamentos de ar condicionado para uso não-industrial,914042.26
4635402,"Comércio atacadista de cerveja, chope e refrigerante",909302.72
6611803,Bolsa de mercadorias e futuros,898795.69
5829800,"Edi�ão integrada à impressão de cadastros, listas e de outros produtos gráficos",897232.26
5821200,Edi�ão integrada à impressão de livros,890852.24
8413200,Regula�ão das atividades econômicas,866250.33
0810007,Extra�ão de argila e beneficiamento associado,853300.01
4683400,"Comércio atacadista de defensivos agrícolas, adubos, fertilizantes e corretivos do solo",842100.55
1122499,Fabrica�ão de outras bebidas não-alcoólicas não especificadas anteriormente,827215.35
2822402,"Fabrica�ão de máquinas, equipamentos e aparelhos para transporte e eleva�ão de cargas, peças e acessórios",823795.88
2391502,"Aparelhamento de pedras para constru�ão, exceto associado à extra�ão",820022.2
0210107,Extra�ão de madeira em florestas plantadas,811998.37
1314600,Fabrica�ão de linhas para costurar e bordar,800319.12
6512000,Sociedade seguradora de seguros não vida,793159.23
3702900,"Atividades relacionadas a esgoto, exceto a gestão de redes",781273.45
1312000,"Prepara�ão e fia�ão de fibras têxteis naturais, exceto algodão",779752.41
4744005,Comércio varejista de materiais de constru�ão não especificados anteriormente,766687.68
1813001,Impressão de material para uso publicitário,763672.24
6204000,Consultoria em tecnologia da informa�ão,761044.55
4721102,Padaria e confeitaria com predominância de revenda,754848.43
2330305,Prepara�ão de massa de concreto e argamassa para constru�ão,747398.88
2949201,Fabrica�ão de bancos e estofados para veículos automotores,744106.86
0155503,"Cria�ão de outros galináceos, exceto para corte",737698.09
4679604,Comércio atacadista especializado de materiais de constru�ão não especificados anteriormente,735781.08
3042300,"Fabrica�ão de turbinas, motores e outros componentes e peças para aeronaves",734105.44
4621400,Comércio atacadista de café em grão,729679.31
3822000,Tratamento e disposi�ão de resíduos perigosos,717892.5
1012102,Abate de pequenos animais,706932.57
1091102,Fabrica�ão de produtos de padaria e confeitaria com predominância de produ�ão própria,699621.0
1353700,Fabrica�ão de artefatos de cordoaria,694374.43
5822101,Edi�ão integrada à impressão de jornais diários,693655.45
3512300,Transmissão de energia elétrica,693542.73
3299002,"Fabrica�ão de canetas, lápis e outros artigos para escritório",691026.07
8630502,Atividade médica ambulatorial com recursos para realiza�ão de exames complementares,687337.81
3831999,"Recupera�ão de materiais metálicos, exceto alumínio",686160.31
0210101,Cultivo de eucalipto,684574.17
4679602,Comércio atacadista de mármores e granitos,673222.21
4686902,Comércio atacadista de embalagens,669579.64
4771701,"Comércio varejista de produtos farmacêuticos, sem manipula�ão de fórmulas",668412.98
1532700,Fabrica�ão de tênis de qualquer material,661862.32
2073800,"Fabrica�ão de impermeabilizantes, solventes e produtos afins",655288.92
1812100,Impressão de material de segurança,651046.53
9311500,Gestão de instala�ões de esportes,624483.49
4631100,Comércio atacadista de leite e laticínios,621715.08
7020400,"Atividades de consultoria em gestão empresarial, exceto consultoria técnica específica",621393.85
4623106,"Comércio atacadista de sementes, flores, plantas e gramas",595622.17
6421200,Bancos comerciais,593013.51
2019301,Elabora�ão de combustíveis nucleares,571697.27
2013401,Fabrica�ão de adubos e fertilizantes organo-minerais,571655.86
0892401,Extra�ão de sal marinho,556425.32
3292202,Fabrica�ão de equipamentos e acessórios para segurança pessoal e profissional,552264.56
4687702,"Comércio atacadista de resíduos e sucatas não-metálicos, exceto de papel e papelão",544647.57
8690999,Outras atividades de aten�ão à saúde humana não especificadas anteriormente,543327.88
2811900,"Fabrica�ão de motores e turbinas, peças e acessórios, exceto para aviões e veículos rodoviários",542087.59
3092000,"Fabrica�ão de bicicletas e triciclos não-motorizados, peças e acessórios",532715.92
3299005,Fabrica�ão de aviamentos para costura,529322.16
8800600,Serviços de assistência social sem alojamento,527612.9
3103900,"Fabrica�ão de móveis de outros materiais, exceto madeira e metal",515095.0
9329899,Outras atividades de recrea�ão e lazer não especificadas anteriormente,514552.88
2212900,Reforma de pneumáticos usados,512497.7
4687703,Comércio atacadista de resíduos e sucatas metálicos,507621.6
5222200,Terminais rodoviários e ferroviários,505291.58
3811400,Coleta de resíduos não-perigosos,504318.33
1111901,Fabrica�ão de aguardente de cana-de-a�úcar,502015.81
2865800,"Fabrica�ão de máquinas e equipamentos para as indústrias de celulose, papel e papelão e artefatos, peças e acessórios",500445.08
2910702,"Fabrica�ão de chassis com motor para automóveis, camionetas e utilitários",500041.33
5231103,Gestão de terminais aquaviários,498307.8
3104700,Fabrica�ão de colchões,493036.43
0810005,Extra�ão de gesso e caulim,491428.4
2721000,"Fabrica�ão de pilhas, baterias e acumuladores elétricos, exceto para veículos automotores",486692.89
4754701,Comércio varejista de móveis,486160.0
2099101,"Fabrica�ão de chapas, filmes, papéis e outros materiais e produtos químicos para fotografia",483686.64
8230001,"Serviços de organiza�ão de feiras, congressos, exposi�ões e festas",482201.56
8424800,Segurança e ordem pública,478671.68
2399101,"Decora�ão, lapida�ão, grava�ão, vitrifica�ão e outros trabalhos em cerâmica, louça, vidro e cristal",476256.38
2815101,Fabrica�ão de rolamentos para fins industriais,467600.16
0892403,Refino e outros tratamentos do sal,466624.81
4634602,Comércio atacadista de aves abatidas e derivados,458544.47
1922502,Rerrefino de óleos lubrificantes,455677.14
5231101,Administra�ão da infra-estrutura portuária,449181.96
8533300,Educa�ão superior - pós-gradua�ão e extensão,442679.68
4685100,"Comércio atacadista de produtos siderúrgicos e metalúrgicos, exceto para constru�ão",441129.96
3031800,"Fabrica�ão de locomotivas, vagões e outros materiais rodantes",439166.44
4637199,Comércio atacadista especializado em outros produtos alimentícios não especificados anteriormente,436570.71
3821100,Tratamento e disposi�ão de resíduos não-perigosos,436125.65
4652400,Comércio atacadista de componentes eletrônicos e equipamentos de telefonia e comunica�ão,428679.06
1422300,"Fabrica�ão de artigos do vestuário, produzidos em malharias e tricotagens, exceto meias",427098.66
4511101,"Comércio a varejo de automóveis, camionetas e utilitários novos",424672.04
8230002,Casas de festas e eventos,423119.71
4921301,"Transporte rodoviário coletivo de passageiros, com itinerário fixo, municipal",422384.64
4642701,"Comércio atacadista de artigos do vestuário e acessórios, exceto profissionais e de segurança",416287.96
8640205,"Serviços de diagnóstico por imagem com uso de radia�ão ionizante, exceto tomografia",413628.25
2391501,"Britamento de pedras, exceto associado à extra�ão",386525.78
1821100,Serviços de pré-impressão,375622.73
2513600,Fabrica�ão de obras de caldeiraria pesada,374228.25
8630501,Atividade médica ambulatorial com recursos para realiza�ão de procedimentos cirúrgicos,373257.93
4211101,Constru�ão de rodovias e ferrovias,371535.54
1099601,Fabrica�ão de vinagres,371494.58
2861500,"Fabrica�ão de máquinas para a indústria metalúrgica, peças e acessórios, exceto máquinas-ferramenta",370846.72
6619399,Outras atividades auxiliares dos serviços financeiros não especificadas anteriormente,367167.76
5021102,"Transporte por navega�ão interior de carga, intermunicipal, interestadual e internacional, exceto travessia",366930.55
2790201,"Fabrica�ão de eletrodos, contatos e outros artigos de carvão e grafita para uso elétrico, eletroímãs e isoladores",361260.24
2399102,Fabrica�ão de abrasivos,357131.79
8660700,Atividades de apoio à gestão de saúde,356967.51
0722701,Extra�ão de minério de estanho,354574.6
5620101,Fornecimento de alimentos preparados preponderantemente para empresas,354444.93
2621300,Fabrica�ão de equipamentos de informática,352809.82
8640206,Serviços de ressonância magnética,350550.71
4722901,Comércio varejista de carnes - açougues,349966.75
1529700,Fabrica�ão de artefatos de couro não especificados anteriormente,346223.85
4679699,Comércio atacadista de materiais de constru�ão em geral,346157.47
0155504,"Cria�ão de aves, exceto galináceos",345398.61
4646002,Comércio atacadista de produtos de higiene pessoal,336905.85
2930103,"Fabrica�ão de cabines, carrocerias e reboques para outros veículos automotores, exceto caminhões e ônibus",334941.99
2330302,Fabrica�ão de artefatos de cimento para uso na constru�ão,331092.73
0142300,"Produ�ão de mudas e outras formas de propaga�ão vegetal, certificadas",322449.95
6209100,"Suporte técnico, manuten�ão e outros serviços em tecnologia da informa�ão",320814.61
3530100,"Produ�ão e distribui�ão de vapor, água quente e ar condicionado",319989.71
4530701,Comércio por atacado de peças e acessórios novos para veículos automotores,318670.77
0892402,Extra�ão de sal-gema,304019.52
1099607,Fabrica�ão de alimentos dietéticos e complementos alimentares,302010.73
2822401,"Fabrica�ão de máquinas, equipamentos e aparelhos para transporte e eleva�ão de pessoas, peças e acessórios",300622.12
0133404,"Cultivo de cítricos, exceto laranja",298118.55
4930201,"Transporte rodoviário de carga, exceto produtos perigosos e mudanças, municipal.",295566.91
4649499,Comércio atacadista de outros equipamentos e artigos de uso pessoal e doméstico não especificados anteriormente,295128.79
2651500,"Fabrica�ão de aparelhos e equipamentos de medida, teste e controle",293033.34
2821601,"Fabrica�ão de fornos industriais, aparelhos e equipamentos não-elétricos para instala�ões térmicas, peças e acessórios",291650.75
8630503,Atividade médica ambulatorial restrita a consultas,288759.2
3099700,Fabrica�ão de equipamentos de transporte não especificados anteriormente,283083.99
8111700,"Serviços combinados para apoio a edifícios, exceto condomínios prediais",282151.69
4639702,"Comércio atacadista de produtos alimentícios em geral, com atividade de fracionamento e acondicionamento associada",277208.5
2072000,Fabrica�ão de tintas de impressão,268685.8
4663000,Comércio atacadista de Máquinas e equipamentos para uso industrial; partes e peças,265256.49
0500302,Beneficiamento de carvão mineral,263751.5
0729401,Extra�ão de minérios de nióbio e titânio,262319.13
9601702,Tinturarias,261020.14
1061902,Fabrica�ão de produtos do arroz,259891.8
3032600,Fabrica�ão de peças e acessórios para veículos ferroviários,258648.38
0721902,Beneficiamento de minério de alumínio,258018.79
4313400,Obras de terraplenagem,257354.6
1610204,Serrarias sem desdobramento de madeira em bruto  -Resserragem,257049.85
4782201,Comércio varejista de calçados,255030.65
4684299,Comércio atacadista de outros produtos químicos e petroquímicos não especificados anteriormente,249538.91
0151201,Cria�ão de bovinos para corte,249402.93
4634603,Comércio atacadista de pescados e frutos do mar,249002.15
9601701,Lavanderias,248290.59
4744002,Comércio varejista de madeira e artefatos,248236.99
5250803,"Agenciamento de cargas, exceto para o transporte marítimo",242765.15
2832100,"Fabrica�ão de equipamentos para irriga�ão agrícola, peças e acessórios",237531.54
3250704,"Fabrica�ão de aparelhos e utensílios para corre�ão de defeitos físicos e aparelhos ortopédicos em geral, exceto sob encomenda",234327.88
1081301,Beneficiamento de café,229433.0
1111902,Fabrica�ão de outras aguardentes e bebidas destiladas,226817.43
8512100,Educa�ão infantil - pré-escola,220893.04
4530703,Comércio a varejo de peças e acessórios novos para veículos automotores,217937.74
0119902,Cultivo de alho,215012.54
2522500,"Fabrica�ão de caldeiras geradoras de vapor, exceto para aquecimento central e para veículos",213668.22
2092403,Fabrica�ão de fósforos de segurança,212804.19
4687701,Comércio atacadista de resíduos de papel e papelão,210599.93
1414200,"Fabrica�ão de acessórios do vestuário, exceto para segurança e prote�ão",209154.75
4632003,"Comércio atacadista de cereais e leguminosas beneficiados, farinhas, amidos e féculas, com atividade de fracionamento e acondicionamento associada",209055.61
9003500,"Gestão de espaços para artes cênicas, espetáculos e outras atividades artísticas",207678.29
4644302,Comércio atacadista de medicamentos e drogas de uso veterinário,205209.43
4679603,"Comércio atacadista de vidros, espelhos, vitrais e molduras",200020.25
4672900,Comércio atacadista de ferragens e ferramentas,198860.0
2866600,"Fabrica�ão de máquinas e equipamentos para a indústria do plástico, peças e acessórios",198663.9
0990402,Atividades de apoio à extra�ão de minerais metálicos não-ferrosos,197309.02
4674500,Comércio atacadista de cimento,196273.94
1742702,Fabrica�ão de absorventes higiênicos,195647.68
3520402,Distribui�ão de combustíveis gasosos por redes urbanas,195103.74
0133401,Cultivo de açaí,194693.37
0111302,Cultivo de milho,193957.06
7711000,Loca�ão de automóveis sem condutor,192992.52
2092401,"Fabrica�ão de pólvoras, explosivos e detonantes",190786.21
1099606,Fabrica�ão de adoçantes naturais e artificiais,190650.75
2599302,Serviço de corte e dobra de metais,188251.18
2330301,"Fabrica�ão de estruturas pré-moldadas de concreto armado, em série e sob encomenda",184777.47
1011205,Matadouro - abate de reses sob contrato - exceto abate de suínos,182053.27
5823900,Edi�ão integrada à impressão de revistas,179587.84
7490104,"Atividades de intermedia�ão e agenciamento de serviços e negócios em geral, exceto imobiliários",178912.58
4221904,Constru�ão de esta�ões e redes de telecomunica�ões,176374.7
2864000,"Fabrica�ão de máquinas e equipamentos para as indústrias do vestuário, do couro e de calçados, peças e acessórios",175972.29
4673700,Comércio atacadista de material elétrico,175801.3
4641901,Comércio atacadista de tecidos,170313.68
4761001,Comércio varejista de livros,166020.47
1072401,Fabrica�ão de a�úcar de cana refinado,164947.17
9102301,Atividades de museus e de explora�ão de lugares e prédios históricos e atra�ões similares,164242.41
6493000,Administra�ão de consórcios para aquisi�ão de bens e direitos,161241.99
4761003,Comércio varejista de artigos de papelaria,161051.5
6130200,Telecomunica�ões por satélite,158383.22
4755502,Comercio varejista de artigos de armarinho,155237.18
4611700,Representantes comerciais e agentes do comércio de matérias-primas agrícolas e animais vivos,149121.83
0810003,Extra�ão de mármore e beneficiamento associado,147733.0
4743100,Comércio varejista de vidros,146265.01
4661300,"Comércio atacadista de máquinas, aparelhos e equipamentos para uso agropecuário; partes e peças",145829.03
6201501,Desenvolvimento de programas de computador sob encomenda,142916.38
2740602,Fabrica�ão de luminárias e outros equipamentos de ilumina�ão,139914.91
4299599,Outras obras de engenharia civil não especificadas anteriormente,138894.58
2521700,"Fabrica�ão de tanques, reservatórios metálicos e caldeiras para aquecimento central",134660.19
0132600,Cultivo de uva,134346.98
4759899,Comércio varejista de outros artigos de uso pessoal e doméstico não especificados anteriormente,132293.41
5510802,Apart-hotéis,130850.37
2863100,"Fabrica�ão de máquinas e equipamentos para a indústria têxtil, peças e acessórios",127621.44
8423000,Justiça,127029.04
9200302,Explora�ão de apostas em corridas de cavalos,126734.02
4635499,Comércio atacadista de bebidas não especificadas anteriormente,125799.26
4679601,"Comércio atacadista de tintas, vernizes e similares",125730.53
4637106,Comércio atacadista de sorvetes,124323.43
2123800,Fabrica�ão de prepara�ões farmacêuticas,123714.21
2759701,"Fabrica�ão de aparelhos elétricos de uso pessoal, peças e acessórios",121690.81
4665600,Comércio atacadista de máquinas e equipamentos para uso comercial; partes e peças,121429.89
4649407,"Comércio atacadista de filmes, CDs, DVDs, fitas e discos",120059.48
4669999,Comércio atacadista de outras máquinas e equipamentos não especificados anteriormente; partes e peças,119736.49
3831901,Recupera�ão de sucatas de alumínio,118699.37
5111100,Transporte aéreo de passageiros regular,118510.25
7990200,Serviços de reservas e outros serviços de turismo não especificados anteriormente,118131.56
6470101,"Fundos de investimento, exceto previdenciários e imobiliários",117747.54
1830002,Reprodu�ão de vídeo em qualquer suporte,117001.7
4664800,"Comércio atacadista de máquinas, aparelhos e equipamentos para uso odonto-médico-hospitalar; partes e peças",116903.99
2631100,"Fabrica�ão de equipamentos transmissores de comunica�ão, peças e acessórios",116139.52
6010100,Atividades de rádio,114191.0
1065102,Fabrica�ão de óleo de milho em bruto,113641.26
0311601,Pesca de peixes em água salgada,113314.49
0133499,Cultivo de frutas de lavoura permanente não especificadas anteriormente,111985.1
8640203,Serviços de diálise e nefrologia,111442.3
0151202,Cria�ão de bovinos para leite,109909.95
3011302,"Constru�ão de embarca�ões para uso comercial e para usos especiais, exceto de grande porte",109570.2
4922102,"Transporte rodoviário coletivo de passageiros, com itinerário fixo, interestadual",109130.31
9493600,Atividades de organiza�ões associativas ligadas à cultura e à arte,106698.09
4221902,Constru�ão de esta�ões e redes de distribui�ão de energia elétrica,106510.19
5811500,Edi�ão de livros,105049.59
8292000,Envasamento e empacotamento sob contrato,104523.13
2599301,Serviços de confec�ão de arma�ões metálicas para a constru�ão,103477.8
4637107,"Comércio atacadista de chocolates, confeitos, balas, bombons e semelhantes",103286.66
4321500,Instala�ão e manuten�ão elétrica,102837.76
4686901,Comércio atacadista de papel e papelão em bruto,101755.85
7830200,Fornecimento e gestão de recursos humanos para terceiros,101472.25
3211602,Fabrica�ão de artefatos de joalheria e ourivesaria,100935.54
1822999,"Serviços de acabamentos gráficos, exceto encaderna�ão e plastifica�ão",100121.24
9001999,"Artes cênicas, espetáculos e atividades complementares não especificadas anteriormente",100112.32
2121103,Fabrica�ão de medicamentos fitoterápicos para uso humano,99578.09
1811301,Impressão de jornais,97956.46
9103100,"Atividades de jardins botânicos, zoológicos, parques nacionais, reservas ecológicas e áreas de prote�ão ambiental",97739.62
1322700,"Tecelagem de fios de fibras têxteis naturais, exceto algodão",97208.18
4633802,Comércio atacadista de aves vivas e ovos,96979.46
4772500,"Comércio varejista de cosméticos, produtos de perfumaria e de higiene pessoal",96775.48
4649408,"Comércio atacadista de produtos de higiene, limpeza e conserva�ão domiciliar",96470.47
3311200,"Manuten�ão e repara�ão de tanques, reservatórios metálicos e caldeiras, exceto para veículos",95651.61
4649401,Comércio atacadista de equipamentos elétricos de uso pessoal e doméstico,95501.29
2660400,Fabrica�ão de aparelhos eletromédicos e eletroterapêuticos e equipamentos de irradia�ão,95358.12
4632002,"Comércio atacadista de farinhas, amidos e féculas",95159.69
4399199,Serviços especializados para constru�ão não especificados anteriormente,93685.17
0133405,Cultivo de coco-da-baía,92695.9
3313901,"Manuten�ão e repara�ão de geradores, transformadores e motores elétricos",92598.41
4530706,Representantes comerciais e agentes do comércio de peças e acessórios novos e usados para veículos automotores,88810.0
8550302,"Atividades de apoio à educa�ão, exceto caixas escolares",87430.69
0121101,"Horticultura, exceto morango",86759.44
4921302,"Transporte rodoviário coletivo de passageiros, com itinerário fixo, intermunicipal em região metropolitana",85360.64
2652300,Fabrica�ão de cronômetros e relógios,85076.08
0311602,Pesca de crustáceos e moluscos em água salgada,83557.18
1099605,"Fabrica�ão de produtos para infusão (chá, mate, etc.)",83234.45
4681803,"Comércio atacadista de combustíveis de origem vegetal, exceto álcool carburante",82055.49
8130300,Atividades paisagísticas,80628.17
8012900,Atividades de transporte de valores,80317.16
3839401,Usinas de compostagem,79174.3
4520007,"Serviços de instala�ão, manuten�ão e repara�ão de acessórios para veículos automotores",78446.06
4635401,Comércio atacadista de água mineral,77813.46
0210108,Produ�ão de carvão vegetal - florestas plantadas,77791.1
7719599,"Loca�ão de outros meios de transporte não especificados anteriormente, sem condutor",77434.79
1220499,"Fabrica�ão de outros produtos do fumo, exceto cigarros, cigarrilhas e charutos",76788.26
4511103,"Comércio por atacado de automóveis, camionetas e utilitários novos e usados",76465.78
0893200,Extra�ão de gemas (pedras preciosas e semipreciosas),75602.44
2821602,"Fabrica�ão de estufas e fornos elétricos para fins industriais, peças e acessórios",75330.42
4520001,Serviços de manuten�ão e repara�ão mecânica de veículos automotores,75138.81
4723700,Comércio varejista de bebidas,74302.18
4637102,Comércio atacadista de a�úcar,73509.81
6911701,Serviços advocatícios,72249.78
8640212,Serviços de hemoterapia,71358.13
3314799,Manuten�ão e repara�ão de outras máquinas e equipamentos para usos industriais não especificados anteriormente,70720.3
4511104,Comércio por atacado de caminhões novos e usados,69636.65
4684201,Comércio atacadista de resinas e elastômeros,68631.06
4330402,"Instala�ão de portas, janelas, tetos, divisórias e armários embutidos de qualquer material",68217.41
4669901,Comércio atacadista de bombas e compressores; partes e peças,66507.38
4645101,"Comércio atacadista de instrumentos e materiais para uso médico, cirúrgico, hospitalar e de laboratórios",64154.5
3316302,Manuten�ão de aeronaves na pista,64104.4
0722702,Beneficiamento de minério de estanho,63922.23
4649404,Comércio atacadista de móveis e artigos de colchoaria,63302.14
4222701,"Constru�ão de redes de abastecimento de água, coleta de esgoto e constru�ões correlatas, exceto obras de irriga�ão",60961.34
4623108,Comércio atacadista de matérias-primas agrícolas com atividade de fracionamento e acondicionamento associada,59566.87
4637104,"Comércio atacadista de pães, bolos, biscoitos e similares",58929.15
8291100,Atividades de cobranças e informa�ões cadastrais,58889.91
3329599,Instala�ão de outros equipamentos não especificados anteriormente,58581.7
4623102,"Comércio atacadista de couros, lãs, peles e outros subprodutos não-comestíveis de origem animal",58162.12
8591100,Ensino de esportes,58095.0
1531902,Acabamento de calçados de couro sob contrato,58082.7
6203100,Desenvolvimento e licenciamento de programas de computador não-customizáveis,57583.28
3314710,Manuten�ão e repara�ão de máquinas e equipamentos para uso geral não especificados anteriormente,56450.89
4641902,"Comércio atacadista de artigos de cama, mesa e banho",56183.7
2825900,"Fabrica�ão de máquinas e equipamentos para saneamento básico e ambiental, peças e acessórios",54025.79
1622699,Fabrica�ão de outros artigos de carpintaria para constru�ão,53534.25
6542100,Previdência complementar aberta,53289.39
4681802,Comércio atacadista de combustíveis realizado por transportador retalhista (T.R.R.),51457.74
3314714,Manuten�ão e repara�ão de máquinas e equipamentos para a prospec�ão e extra�ão de petróleo,51217.64
3313999,"Manuten�ão e repara�ão de máquinas, aparelhos e materiais elétricos não especificados anteriormente",51007.53
0810001,Extra�ão de ardósia e beneficiamento associado,49452.29
5030101,Navega�ão de apoio marítimo,48890.0
3314722,Manuten�ão e repara�ão de máquinas e aparelhos para a indústria do plástico,48439.38
8640201,Laboratórios de anatomia patológica e citológica,48336.15
9420100,Atividades de organiza�ões sindicais,46384.99
7119702,Atividades de estudos geológicos,46093.38
8640211,Serviços de radioterapia,44604.27
4930203,Transporte rodoviário de produtos perigosos,44563.5
0723501,Extra�ão de minério de manganês,43426.27
9412099,Outras atividades associativas profissionais,43092.63
8711502,Institui�ões de longa permanência para idosos,43048.11
8121400,Limpeza em prédios e em domicílios,41107.44
6143400,Operadoras de televisão por assinatura por satélite,40959.95
5232000,Atividades de agenciamento marítimo,40672.85
4511102,"Comércio a varejo de automóveis, camionetas e utilitários usados",39065.09
0899102,Extra�ão de quartzo,38980.74
5611204,"Bares e outros estabelecimentos especializados em servir bebidas, sem entretenimento",38932.35
4618499,Outros representantes comerciais e agentes do comércio especializado em produtos não especificados anteriormente,38700.98
6461100,Holdings de institui�ões financeiras,38395.37
4771704,Comércio varejista de medicamentos veterinários,37639.09
4729602,Comércio varejista de mercadorias em lojas de conveniência,36307.26
1011202,Frigorífico - abate de eqüinos,36079.53
3511502,Atividades de coordena�ão e controle da opera�ão da gera�ão e transmissão de energia elétrica,35995.23
0133408,Cultivo de mamão,35943.61
8599605,Cursos preparatórios para concursos,35537.44
4713002,"Lojas de variedades, exceto lojas de departamentos ou magazines",35014.66
4541201,Comércio por atacado de motocicletas e motonetas,34640.81
8593700,Ensino de idiomas,33871.57
3319800,Manuten�ão e repara�ão de equipamentos e produtos não especificados anteriormente,32829.67
8129000,Atividades de limpeza não especificadas anteriormente,32494.42
4649406,"Comércio atacadista de lustres, luminárias e abajures",32121.64
8020001,Atividades de monitoramento de sistemas de segurança eletrônico,32017.52
4744001,Comércio varejista de ferragens e ferramentas,31176.98
0322101,Cria�ão de peixes em água doce,30394.53
3314713,Manuten�ão e repara�ão de máquinas-ferramenta,29630.36
4755501,Comércio varejista de tecidos,29121.08
1012104,Matadouro - abate de suínos sob contrato,28771.31
1741901,Fabrica�ão de formulários contínuos,28236.27
3299004,Fabrica�ão de painéis e letreiros luminosos,27830.19
3250702,"Fabrica�ão de mobiliário para uso médico, cirúrgico, odontológico e de laboratório",27650.54
4623109,Comércio atacadista de alimentos para animais,27046.92
4636201,Comércio atacadista de fumo beneficiado,26951.31
6319400,"Portais, provedores de conteúdo e outros serviços de informa�ão na internet",26918.29
0116401,Cultivo de amendoim,26874.55
7119799,Atividades técnicas relacionadas à engenharia e arquitetura não especificadas anteriormente,26793.18
4647801,Comércio atacadista de artigos de escritório e de papelaria,25941.64
3317101,Manuten�ão e repara�ão de embarca�ões e estruturas flutuantes,25896.8
1521100,"Fabrica�ão de artigos para viagem, bolsas e semelhantes de qualquer material",25120.51
8592999,Ensino de arte e cultura não especificado anteriormente,24267.54
8630599,Atividades de aten�ão ambulatorial não especificadas anteriormente,23871.58
8640204,Serviços de tomografia,23559.48
4623101,Comércio atacadista de animais vivos,23184.89
4681805,Comércio atacadista de lubrificantes,23068.0
6511101,Sociedade seguradora de seguros vida,23050.28
5590602,Campings,22442.99
8599602,Cursos de pilotagem,22372.54
3315500,Manuten�ão e repara�ão de veículos ferroviários,22274.83
2829101,"Fabrica�ão de máquinas de escrever, calcular e outros equipamentos não-eletrônicos para escritório, peças e acessórios",21624.47
4784900,Comércio varejista de gás liqüefeito de petróleo (GLP),20990.86
8690901,Atividades de práticas integrativas e complementares em saúde humana,20746.54
6202300,Desenvolvimento e licenciamento de programas de computador customizáveis,20439.71
0113000,Cultivo de cana-de-a�úcar,19647.12
4635403,Comércio atacadista de bebidas com atividade de fracionamento e acondicionamento associada,18885.11
5620104,Fornecimento de alimentos preparados preponderantemente para consumo domiciliar,18638.33
8640209,Serviços de diagnóstico por métodos ópticos - endoscopia e outros exames análogos,18095.66
1412602,"Confec�ão, sob medida, de peças do vestuário, exceto roupas íntimas",17481.73
7723300,"Aluguel de objetos do vestuário, jóias e acessórios",17113.31
5510803,Motéis,16901.09
0134200,Cultivo de café,16879.76
4329199,Outras obras de instala�ões em constru�ões não especificadas anteriormente,16524.54
5913800,"Distribui�ão cinematográfica, de vídeo e de programas de televisão",16080.71
4322303,Instala�ões de sistema de preven�ão contra incêndio,15986.58
6399200,Outras atividades de presta�ão de serviços de informa�ão não especificadas anteriormente,15937.0
8640207,"Serviços de diagnóstico por imagem sem uso de radia�ão ionizante, exceto ressonância magnética",15844.46
2531402,Produ�ão de forjados de metais não-ferrosos e suas ligas,15509.87
5620103,Cantinas - serviços de alimenta�ão privativos,15438.05
4922101,"Transporte rodoviário coletivo de passageiros, com itinerário fixo, intermunicipal, exceto em região metropolitana",15120.39
7490103,Serviços de agronomia e de consultoria às atividades agrícolas e pecuárias,14474.88
4771702,"Comércio varejista de produtos farmacêuticos, com manipula�ão de fórmulas",14203.4
6424703,Cooperativas de crédito mútuo,14031.99
0141502,Produ�ão de sementes certificadas de forrageiras para forma�ão de pasto,13950.48
1610205,Serviço de tratamento de madeira realizado sob contrato,13878.71
8541400,Educa�ão profissional de nível técnico,13552.29
0810008,Extra�ão de saibro e beneficiamento associado,13419.31
7410203,Design de produto,13250.94
6022501,Programadoras,13010.7
4757100,"Comércio varejista especializado de peças e acessórios para aparelhos eletroeletrônicos para uso doméstico, exceto informática e comunica�ão",12562.01
4292801,Montagem de estruturas metálicas,12231.1
6619302,Correspondentes de institui�ões financeiras,12061.71
6612604,Corretoras de contratos de mercadorias,11667.0
5812301,Edi�ão de jornais diários,11259.51
7220700,Pesquisa e desenvolvimento experimental em ciências sociais e humanas,11053.12
4634699,Comércio atacadista de carnes e derivados de outros animais,11020.71
8511200,Educa�ão infantil - creche,10849.56
9001901,Produ�ão teatral,10035.91
0162899,Atividades de apoio à pecuária não especificadas anteriormente,9906.89
7500100,Atividades veterinárias,9752.59
8630504,Atividade odontológica,8354.78
8650004,Atividades de fisioterapia,7915.77
4722902,Peixaria,7848.55
5819100,"Edi�ão de cadastros, listas e de outros produtos gráficos",7741.81
4399104,Serviços de opera�ão e fornecimento de equipamentos para transporte e eleva�ão de cargas e pessoas para uso em obras,7672.34
8640208,"Serviços de diagnóstico por registro gráfico - ECG, EEG e outros exames análogos",7272.79
4649402,Comércio atacadista de aparelhos eletrônicos de uso pessoal e doméstico,7252.23
8720499,"Atividades de assistência psicossocial e à saúde a portadores de distúrbios psíquicos, deficiência mental e dependência química e grupos similares não",7073.62
4329103,"Instala�ão, manuten�ão e repara�ão de elevadores, escadas e esteiras rolantes",6141.68
4742300,Comércio varejista de material elétrico,6076.17
4721103,Comércio varejista de laticínios e frios,5358.04
8650099,Atividades de profissionais da área de saúde não especificadas anteriormente,5298.31
4744004,"Comércio varejista de cal, areia, pedra britada, tijolos e telhas",5161.66
4643501,Comércio atacadista de calçados,5062.91
0139305,Cultivo de dendê,5016.0
8599604,Treinamento em desenvolvimento profissional e gerencial,4926.61
5620102,Serviços de alimenta�ão para eventos e recep�ões - bufê,4714.02
4763604,"Comércio varejista de artigos de caça, pesca e camping",4682.3
7732201,"Aluguel de máquinas e equipamentos para constru�ão sem operador, exceto andaimes",4662.07
4292802,Obras de montagem industrial,4296.2
1032501,Fabrica�ão de conservas de palmito,4154.97
8219901,Fotocópias,4119.18
4752100,Comércio varejista especializado de equipamentos de telefonia e comunica�ão,3975.14
6613400,Administra�ão de cartões de crédito,3718.4
4763605,Comércio varejista de embarca�ões e outros veículos recreativos; peças e acessórios,3684.37
1830001,Reprodu�ão de som em qualquer suporte,3441.23
4623104,Comércio atacadista de fumo em folha não beneficiado,3375.88
8650003,Atividades de psicologia e psicanálise,3337.75
4721104,"Comércio varejista de doces, balas, bombons e semelhantes",3300.24
2824101,Fabrica�ão de aparelhos e equipamentos de ar condicionado para uso industrial,3012.54
9609205,Atividades de sauna e banhos,2741.34
4617600,"Representantes comerciais e agentes do comércio de produtos alimentícios, bebidas e fumo",2677.36
4619200,Representantes comerciais e agentes do comércio de mercadorias em geral não especializado,2582.7
3299006,"Fabrica�ão de velas, inclusive decorativas",2569.58
8712300,Atividades de fornecimento de infra-estrutura de apoio e assistência a paciente no domicílio,2176.46
4647802,"Comércio atacadista de livros, jornais e outras publica�ões",2169.93
3314704,Manuten�ão e repara�ão de compressores,1868.35
0135100,Cultivo de cacau,1463.06
4212000,Constru�ão de obras de arte especiais,1394.19
6110899,Serviços de telecomunica�ões por fio não especificados anteriormente,1309.1
4741500,Comércio varejista de tintas e materiais para pintura,1236.56
0210106,Cultivo de mudas em viveiros florestais,844.12
1412603,"Fac�ão de peças do vestuário, exceto roupas íntimas",772.1
3321000,Instala�ão de máquinas e equipamentos industriais,470.7
4774100,Comércio varejista de artigos de óptica,469.02
5250805,Operador de transporte multimodal - OTM,429.9
5011401,Transporte marítimo de cabotagem - Carga,398.01
1011203,Frigorífico - abate de ovinos e caprinos,318.53
7311400,Agências de publicidade,284.5
4755503,"Comercio varejista de artigos de cama, mesa e banho",275.27
7319002,Promo�ão de vendas,262.94
4322301,"Instala�ões hidráulicas, sanitárias e de gás",107.08
4637105,Comércio atacadista de massas alimentícias,74.93
5590699,Outros alojamentos não especificados anteriormente,20.47
5229099,Outras atividades auxiliares dos transportes terrestres não especificadas anteriormente,10.32
6436100,"Sociedades de crédito, financiamento e investimento - financeiras",0.86